title,url,date,channelName,channelUrl
T√îI ƒêI H·ªåC C·∫§P M·ªòT D∆Ø·ªöI TH·ªúI VNCH,https://www.youtube.com/watch?v=hu2T_6gr87k,2021-04-09T04:47:34.524Z,VIETLIVE.TV,https://www.youtube.com/channel/UCI8U_NB23FbKPly8gIEdLmA
H√†o Ki·ªát Ph∆∞∆°ng Nam-H·∫£i Qu√¢n Trung T√° VNCH  H√† Ng·ªçc L∆∞·ª£ng,https://www.youtube.com/watch?v=Bj15rjblH5M,2021-04-09T04:47:34.524Z,Channel Ngh√™ L·ªØ,https://www.youtube.com/user/khquan75
Tr∆∞·ªùng C≈© T√¨nh X∆∞a - Nh·∫°c L√≠nh VNCH B·∫•t H·ªß | H√¨nh ·∫¢nh Mi·ªÅn Nam Tr∆∞·ªõc 1975,https://www.youtube.com/watch?v=s4GgegWSqIY,2021-04-09T04:47:34.524Z,Theo D·∫•u Gi√†y S√¥,https://www.youtube.com/user/lucfilms
üî¥TIN VUI TO√ÄN MI·ªÄN NAM:VNCH ƒê·ªÄ C·ª¨ 14 DANH S√ÅCH ·ª®NG VI√äN CH√çNH PH·ª¶ CU·ªêI TH√ÄNH C√îNG TRONG ƒê√ì C√ì CON 3X,https://www.youtube.com/watch?v=J6sUo64E40Q,2021-04-09T04:47:34.524Z,VI·ªÜT NEWS TV,https://www.youtube.com/channel/UC5BktV4f2IujYpB9pxsbOnQ
üî¥TIN VUI TO√ÄN MI·ªÄN NAM: VNCH ƒê·ªÄ C·ª¨ TH√ÄNH C√îNG PH√ì CT N∆Ø·ªöC PHE 3X V√Ä 5 TH∆Ø·ªúNG V·ª§ V√ÄO ƒê√öNG V·ªä TR√ç,https://www.youtube.com/watch?v=vaXTg97bLIc,2021-04-09T04:47:34.524Z,VI·ªÜT NEWS TV,https://www.youtube.com/channel/UC5BktV4f2IujYpB9pxsbOnQ
üî¥TIN VUI CHO MI·ªÄN NAM: VNCH V·ª™A TI·∫æP QU·∫¢N ƒê·∫¢O PH√ö QU·ªêC CAMPUCHIA ƒê∆ØA 6UAV T·∫§N C√îNG NG√ÇY L·∫¨P T·ª®C,https://www.youtube.com/watch?v=C4gB0mx9r-A,2021-04-09T04:47:34.525Z,VI·ªÜT NEWS TV,https://www.youtube.com/channel/UC5BktV4f2IujYpB9pxsbOnQ
√Çm Nh·∫°c Ng·ª•y C·∫ßn Ph·∫£i C·∫•m Tri·ªát ƒê·ªÉ Kh√¥ng ? L√≠nh VNCH Ra Tr·∫≠n Ngta Kh√¥ng C√≥ S·ª± L·ª±a Ch·ªçn,https://www.youtube.com/watch?v=Mx1c17CoIEw,2021-04-09T04:47:34.525Z,Vi·ªát Nam - D√≤ng M√°u L·∫°c H·ªìng,https://www.youtube.com/channel/UCMFQAxBnLWg3iigxdnKSyaQ
"CON LAI B√äN MARSHALL, TX M·∫† L·ª§Y N·ªÄN D√ÇN CH·ª¶ VNCH - QU√ù V·ªä CH·ª¶ T·ªäCH NGHƒ® G√å & D√ÅM L√ÄM G√å",https://www.youtube.com/watch?v=k5PIb9LO6bw,2021-04-09T04:47:34.525Z,PV. Ph∆∞∆°ng T√πng,https://www.youtube.com/user/nghesithanhkimmy
Que Nghe Hoa Ki·ªÅu Ch·ª£ L∆°n D·∫°y B·∫£o|Ch√∫ng Ta L√†m Ch·ªß C√≤n H·ªç ƒêi L√†m M·ªçi Cho M·ªπ,https://www.youtube.com/watch?v=oUc3yt4uE6o,2021-04-09T04:47:34.525Z,Vu Quang VicoNice,https://www.youtube.com/channel/UCSzVfjPQz0G0pjjsCBKcXiA
VIETLIVE TV ng√†y 09 04 2021,https://www.youtube.com/watch?v=N9eI6LaB--k,2021-04-09T04:47:34.525Z,VIETLIVE.TV,https://www.youtube.com/channel/UCI8U_NB23FbKPly8gIEdLmA
"TH·ªúI K·ª≤ ""ƒê√äM KH√îNG C·∫¶N ƒê√ìNG C·ª¨A, NGO√ÄI ƒê∆Ø·ªúNG KH√îNG NH·∫∂T C·ª¶A R∆†I""!",https://www.youtube.com/watch?v=fuWVAtJpg9c,2021-04-09T04:47:34.526Z,THANIE V√ï,https://www.youtube.com/channel/UCE1U67_cyJ3w7AJGdrUKTYg
üÜï FRANCIS 08/04/2021 #337 || Th√°ch th·ª©c CSVN ƒë·ª©ng ra tranh c·ª≠ v·ªõi ƒê·ª®C QU·ªêC C√îNG ƒê√ÄO MINH QU√ÇN,https://www.youtube.com/watch?v=sNmaIAZBK0A,2021-04-09T04:47:34.526Z,Free Vietnam .Now,https://www.youtube.com/user/freevnnow
Xu√¢n L·ªôc- Tr·∫≠n Chi·∫øn Cu·ªëi C√πng- Tr·ªçng ƒê·∫°t.,https://www.youtube.com/watch?v=2Cyx8oQp1cU,2021-04-09T04:47:34.526Z,Nam H√≤a,https://www.youtube.com/user/HungDao09
S·ª± th·∫≠t c·∫ßn ph·∫£i chia s·∫ª h√†ng h·ªìng reo h·∫°t,https://www.youtube.com/watch?v=O5NJpQSYz04,2021-04-09T04:47:34.526Z,H·∫£i tr·∫ßn gia Orchids thanh h√≥a,https://www.youtube.com/channel/UCSOHfGytqiBR1dcZIvRl64Q
T·∫°i Sao Ch√≠nh Quy·ªÅn Nguy·ªÖn Kh√°nh L·∫°i ƒê·∫©y Nhanh T·ª≠ H√¨nh Anh Tr·ªói?,https://www.youtube.com/watch?v=3_qbqlGE894,2021-04-09T04:47:34.526Z,Vi·ªát S·ª≠ To√†n Th∆∞,https://www.youtube.com/channel/UCB3s9v6DPrOGgNHe49KO6DA
N√ìNG: B√ç QUY·∫æT D√åM CH·∫æT CH·∫æ ƒê·ªò C·ªòNG S·∫¢N Vƒ®NH VI·ªÑN ƒê·ªÇ VI·ªÜT NAM C·ªòNG H√íA S·∫º TR·ªû L·∫†I TR√äN ƒê·∫§T VI·ªÜT.,https://www.youtube.com/watch?v=DREtQbpdqdA,2021-04-09T04:47:34.526Z,ƒê·∫§T VI·ªÜT TV,https://www.youtube.com/channel/UCJpNMpnpAfvZHKjix5D3OEg
üî¥ƒê·∫°i t√° Kim H√°t c·ªßa Campuchia n√£ t√™n l·ª≠a v√†o doanh tr·∫°i qu√¢n l√≠nh TQ khi·∫øn x√°√°c l·∫´n l·ªôn v√†o nhau,https://www.youtube.com/watch?v=Bf4P4iR6Y4U,2021-04-09T04:47:34.526Z,Viet Nam,https://www.youtube.com/channel/UCvoonfnnwQf7hsplDoHeSsg
üÜï NGUY√äN TH·ªä NG·ªåC 08/04/2021,https://www.youtube.com/watch?v=8gLEMhq5FQU,2021-04-09T04:47:34.526Z,Free Vietnam .Now,https://www.youtube.com/user/freevnnow
üÜï 08/04/2021 DUY TH·∫¨T L·∫¨T C·ªòNG 37,https://www.youtube.com/watch?v=hW6GZ1ApfOo,2021-04-09T04:47:34.526Z,Free Vietnam .Now,https://www.youtube.com/user/freevnnow
Si√™u Ph·∫©m Nh·∫°c L√≠nh X∆∞a 1975 B·∫•t H·ªß - NH·∫†C L√çNH X∆ØA ƒêi C√πng NƒÉm Th√°ng ƒê·ªÉ ƒê·ªùi,https://www.youtube.com/watch?v=Z-NhIueoaKE,2021-04-09T04:47:34.526Z,Kho Nh·∫°c Rumba,https://www.youtube.com/channel/UCtE7h46NKRumqJxCkcydRdQ
"Tr·∫ßn D·∫ßn c√≥ 11 v·ª£, t·ª´ng l√† phi c√¥ng tr·∫ª y√™u c√¥ gi√°o ƒë·∫£m ƒëang",https://www.youtube.com/watch?v=DZ0mLr8y3VQ,2021-04-09T04:47:34.526Z,Nua Vong Trai Dat TV,https://www.youtube.com/channel/UCfl_G9BwH-DhtNn-y0q_7aA
N√ìNG TH·∫ÆNG T∆Ø ƒêEN: VI·ªÜT NAM C·ªòNG H√íA Y√äU C·∫¶U PH·∫æ TRU·∫§T C·ªòNG S·∫¢N KH·ªéI L√ÉNH TH·ªî VI√äT NAM,https://www.youtube.com/watch?v=1TRTjM66_R8,2021-04-09T04:47:34.526Z,ƒê·∫§T VI·ªÜT TV,https://www.youtube.com/channel/UCJpNMpnpAfvZHKjix5D3OEg
K√Ω ·ª®c KINH HO√ÄNG V·ªÅ Chi·∫øn Tranh Vi·ªát Nam C·ªßa C·ª±u Binh M·ªπ,https://www.youtube.com/watch?v=0nV4IYR9-go,2021-04-09T04:47:34.527Z,Vi·ªát S·ª≠ To√†n Th∆∞,https://www.youtube.com/channel/UCB3s9v6DPrOGgNHe49KO6DA
C·ª±u c∆° phi Th√¥ng - Nh·ªõ tr·∫≠n H·∫° L√†o,https://www.youtube.com/watch?v=ShU7WxLQeL4,2021-04-09T04:47:34.527Z,Ch√∫ T√°m TV,https://www.youtube.com/channel/UCoaXQ5WnJaKr-w_yry_6mbQ
Tr·∫≠n ƒê√°nh Cu·ªëi C√πng 1975 - H·ªï X√°m V√†o S√†i G√≤n | Vi·ªát Nam S·ª≠ Li·ªáu,https://www.youtube.com/watch?v=NmS0jupr6Js,2021-04-09T04:47:34.527Z,Theo D·∫•u Gi√†y S√¥,https://www.youtube.com/user/lucfilms
M√πa h√® ƒë·ªè l·ª≠a T√°i chi·∫øm ba qu√¢n B·∫Øc B√¨nh ƒê·ªãnh - Nguy·ªÖn H·ªìng Tuy·ªÅn,https://www.youtube.com/watch?v=rUvZ3D2QlO8,2021-04-09T04:47:34.527Z,Ch√∫ T√°m TV,https://www.youtube.com/channel/UCoaXQ5WnJaKr-w_yry_6mbQ
"Win 04/0308/21-9'45"" At Tr·∫ßn H∆∞ng ƒê·∫°o Bolsa pray We the people & Great Pre. Trump20-24: AmericaFirst",https://www.youtube.com/watch?v=HLl8H9q0FBE,2021-04-09T04:47:34.527Z,Victoria Kim,https://www.youtube.com/channel/UChM4o8rDrbVvfdDKp65g3eA
NS#8: TR·ªû TH√ÄNH ANH L√çNH TRINH S√ÅT I H·ªíI K√ù CHI·∫æN TR∆Ø·ªúNG K (141),https://www.youtube.com/watch?v=uF3wwRPZgLA,2021-04-09T04:47:34.527Z,h·ªìi ·ª©c l√≠nh,https://www.youtube.com/channel/UCn4XUawswYByMvRn_x7y0TQ
üî¥TQ N√ÅO LO·∫†N KHI ƒê·∫∂C V·ª§ VN ƒê·ªòT.K√çCH V√ÄO TR·∫†I.T√ô NAM NINH GI·∫¢I C·ª®U TH√ÄNH C√îNG L√É CHI PHONG,https://www.youtube.com/watch?v=EokA1wvA9tE,2021-04-09T04:47:34.527Z,Tin N√≥ng TV,https://www.youtube.com/channel/UC6xxTlqnueZdDvbyLVRQucA
üî¥Tin b√°o ƒë·ªông chi·∫øn tranh VN Tru'y quy√©t HunSen l·∫≠t l·ªông v·ªõi Qu√¢nƒê·ªôi ta gi√°m chi·∫øm ƒë·ªëng ƒë·∫£o ph√∫ qu·ªëc,https://www.youtube.com/watch?v=qoRBPgKql0s,2021-04-09T04:47:34.527Z,Tin Viet Free 24h,https://www.youtube.com/channel/UChtFLvseNVx8Qbz9OCS5ZVQ
Ti·ªÉu S·ª≠ V√† Con ƒê∆∞·ªùng S·ª± Nghi·ªáp C·ªßa Ph√≥ Th·ªß T∆∞·ªõng L√™ Minh Kh√°i,https://www.youtube.com/watch?v=uwXZObA1JyI,2021-04-09T04:47:34.527Z,VHC - Vi·ªát Nam H√πng C∆∞·ªùng,https://www.youtube.com/channel/UCYTn9glAgxkVQ5eA5KYOrjg
üî¥VN cung c·∫•p m√¨n mini cho ƒë·∫°i t√° Soc Kheng √°m s√°√°t TT Hun Sen l√†m ch·∫ø·∫øt 4 t∆∞·ªõng lƒ©nh v√† 7 c·ªë v·∫•n TQ,https://www.youtube.com/watch?v=ihgk0q-P_Z0,2021-04-09T04:47:34.527Z,Viet Nam,https://www.youtube.com/channel/UCvoonfnnwQf7hsplDoHeSsg
Qu√° tr√¨nh c√¥ng t√°c c·ªßa Ph√≥ Th·ªß t∆∞·ªõng L√™ Minh Kh√°i - PLO,https://www.youtube.com/watch?v=I0svKM8AmBA,2021-04-09T04:47:34.527Z,B√°o Ph√°p Lu·∫≠t TP HCM,https://www.youtube.com/channel/UCp6PchFsCg582xw6gEjpzVA
CU·ªòC CHI·∫æN B√ç M·∫¨T - T·∫≠p 02 | H·ªì s∆° l·ª±c l∆∞·ª£ng Bi·ªát K√≠ch M·ªπ Ng·ª•y ƒë√°nh ra B·∫Øc Vi·ªát Nam,https://www.youtube.com/watch?v=H2CAIRQTH2s,2021-04-09T04:47:34.528Z,MC Thanh B√¨nh,https://www.youtube.com/channel/UCp2wL5LhfG2KW5xUpDtHW5A
D∆∞∆°ng VƒÉn Minh - T·ªôi ƒë·ªì h√®n nh√°t hay T·ªïng th·ªëng y√™u d√¢n? | L·ªãch s·ª≠ chi·∫øn tranh Vi·ªát Nam | TV24h,https://www.youtube.com/watch?v=SVsQoPLkzs8,2021-04-09T04:47:34.528Z,TV24h,https://www.youtube.com/channel/UCUmRGR3a-g13O6pG927KQmg
TH√ö V·ªä C·ª¶A C·ªú  V√ÄNG - VAN LAM,https://www.youtube.com/watch?v=9XA20MA0vcs,2021-04-09T04:47:34.528Z,B·∫°ch Li√™n CHAPELLE,https://www.youtube.com/channel/UC21-HMAYG1wEcToiZ5dXo1w
"üî¥C·ª∞C VUI | CHU·∫®N T∆Ø·ªöNG PH·∫†M M·∫†NH H√ôNG G·∫¶M R√ö, RA L·ªÜNH N√É TUNG T√ìE L√ÄM 2 T√ÄU TQ TAN KH√îNG D·∫§U V·∫æT",https://www.youtube.com/watch?v=6eIzLKvR5Xk,2021-04-09T04:47:34.528Z,Saigon Post,https://www.youtube.com/channel/UCyennKsGrA7BS9G76LSm24w
Ti·∫øng H√°t H·∫≠u Ph∆∞∆°ng k·ª≥ 147 v·ªõi Tr/√öy Nguy·ªÖn Trung Ngoan - S∆∞ ƒêo√†n 7 B·ªô Binh - T∆∞·ªüng Ni·ªám 30/4/1975,https://www.youtube.com/watch?v=p05BenfvjgE,2021-04-09T04:47:34.528Z,TH·ªúI CHI·∫æN CHINH 3,https://www.youtube.com/channel/UCySiUNKjUru5WcK63f2rjnA
Ng√£ R·∫Ω L·ªãch S·ª≠ 30/4 - Episode 04,https://www.youtube.com/watch?v=2cMPwMpq0dQ,2021-04-09T04:47:34.528Z,SBTNOfficial,https://www.youtube.com/user/SBTNOfficial
üî¥ƒê√äM QUA H√ÄNG TRƒÇM C√îNG AN PHONG T·ªéA QU·∫¨N BINH TH·ª¶Y H·∫¢I PH√íNG TRUY B·∫ÆT BI·ªÜT K√çCH TQ C∆Ø·ªöP T√ô,https://www.youtube.com/watch?v=vdn0R4VIMH0,2021-04-09T04:47:34.528Z,Ng∆∞·ªùi Vi·ªát TV,https://www.youtube.com/channel/UCN4KGuX7IE0LAFK_J_px9xg
B√≠ m·∫≠t v·ªÅ H·∫£i Chi·∫øn Ho√†ng Sa v√† l√Ω do v√¨ sao ƒë∆∞·ª£c c·∫£ th·∫ø gi·ªõi n·ªÉ ph·ª•c.,https://www.youtube.com/watch?v=QxYonXoE_TA,2021-04-09T04:47:34.528Z,H·ªì S∆° M·∫≠t,https://www.youtube.com/channel/UCnmSg6guBzG4rR7SPa8s-hA
Tin Kh·∫£n C·∫•p-Tri·ªÅu Ti√™n Ba·∫Øn No·ªï Tung ƒê T Hi·ªáp Nh√¢n L√∫c TQ Di T·∫£n 3 V·∫°n D√¢n L·∫Øp Boom HNh√¢n ·ªû BG,https://www.youtube.com/watch?v=8Kcm6Porh8k,2021-04-09T04:47:34.528Z,Washington D.C NEWS,https://www.youtube.com/channel/UCUJb15vSZclrddkD5u3lL2A
"Gi·ªØ Ch·∫∑t T√∫i Ti·ªÅn 3 Tu·ªïi N√†y Ch√∫ √ù K·∫ªo Ti·ªÅn B·∫°c M·∫•t Tr·∫Øng, V·ª° N·ª£ 3 Ng√†y Cu·ªëi Th√°ng  3 √ÇL",https://www.youtube.com/watch?v=b0s-jum5sC8,2021-04-09T04:47:34.528Z,T√†i Ph√∫ T·ª≠ Vi,https://www.youtube.com/user/SuperAngelbaby97
"v·ªâ m·∫°ch l·ªçc ngu·ªìn b√£i ƒë·ª©c , b√£i m·ªπ , d√¢y quang b√£i m·ªπ l·∫°i v·ªÅ sdt 0344382591",https://www.youtube.com/watch?v=qkXfe8f6gJk,2021-04-09T04:47:34.528Z,"D≈©ng D√¢y √Çm Thanh B√£i , Ph·ª• Ki·ªán √Çm Thanh",https://www.youtube.com/channel/UCuCWDaINtRvq0ErlWQ44Ukg
N√™n T√°ch C·ªù V√†ng Kh·ªèi ƒê·ªùi S·ªëng X√£ H·ªôi Ng∆∞·ªùi Vi·ªát ·ªü M·ªπ,https://www.youtube.com/watch?v=7SkKsRQrlag,2021-04-09T04:47:34.529Z,D√ÇN VI·ªÜT TV,https://www.youtube.com/channel/UCzHytH8NI8DlWqhwHaAs_9w
Vi·ªát Ki·ªÅu M·ªπ Kevin: T√¥i Th·∫•y X·∫•u H·ªï V·ªõi L√° C·ªù V√†ng!,https://www.youtube.com/watch?v=njC24R0pz3A,2021-04-09T04:47:34.529Z,D√ÇN VI·ªÜT TV,https://www.youtube.com/channel/UCzHytH8NI8DlWqhwHaAs_9w
TTV Th·ª© NƒÉm 08.04.2021 üéØ G·ªçi 30.04.75 l√† ng√†y GI·∫¢I PH√ìNG l√† ho√†n to√†n sai. H√£y ph√¢n t√≠ch!,https://www.youtube.com/watch?v=wkeV7hYiQAA,2021-04-09T04:47:34.529Z,T√¢m Th·ª©c Vi·ªát - Anh Chi,https://www.youtube.com/channel/UCg2J4rfxqkYr_8nLocsLYGA
Ti·∫øng H√°t H·∫≠u Ph∆∞∆°ng K·ª≥ 149 V·ªõi Nh·∫°c Sƒ© Nam L·ªôc - C·ª±u Qu√¢n Nh√¢n QLVNCH - T∆∞·ªüng Ni·ªám 30/4/1975,https://www.youtube.com/watch?v=ZxaUiDe3fkw,2021-04-09T04:47:34.529Z,TH·ªúI CHI·∫æN CHINH 3,https://www.youtube.com/channel/UCySiUNKjUru5WcK63f2rjnA
Ti·∫øng H√°t H·∫≠u Ph∆∞∆°ng K·ª≥ 148 V·ªõi Tr/√öy Ph·∫°m Ng·ªçc C·ª≠u ‚Äì P.T·ªânh Tr∆∞·ªüng B√¨nh Thu·∫≠n ‚Äì T. Ni·ªám  30/4/1975,https://www.youtube.com/watch?v=F8oXBYHD4Lw,2021-04-09T04:47:34.529Z,TH·ªúI CHI·∫æN CHINH 3,https://www.youtube.com/channel/UCySiUNKjUru5WcK63f2rjnA
PH√ÇN T√çCH CHI TI·∫æT tr·∫£ l·ªùi v√°n ƒë·∫•u Chung k·∫øt A1 2021 gi·ªØa L·∫°i L√Ω Huynh v√† T√∫y K·ª≥ Ti√™n Tr·ªÅnh A S√°ng,https://www.youtube.com/watch?v=spuxYgUalcg,2021-04-09T04:47:34.529Z,Xiangqi 247,https://www.youtube.com/channel/UC6N1Wxt2OwLltmqAZioFqag
1.821 (1) Ch·ªëng c·ªông kh√¥ng ƒë·∫°t chu·∫©n t·ªã n·∫°n - M√†u th·ªùi gian,https://www.youtube.com/watch?v=YlVd6rWVkdM,2021-04-09T04:47:34.529Z,Win win Vi·ªát Nam,https://www.youtube.com/channel/UC6IK1ng3mhTpGEhj_tNWTVg
üî¥ Ch·∫•n ƒê√¥ng:S√°ng Nay 1 Bay TQ B·ªã ƒê√†i Loan B·∫Øn Ch√°y Tr√™n Bƒê Tham V·ªçng c·ªßa TQ kh√¥ng ch·ªâ L√† ƒê·ªôc Chi·∫øm,https://www.youtube.com/watch?v=gXp9T6Zj7jU,2021-04-09T04:47:34.529Z,TIN T·ª®C T·ªîNG H·ª¢P N20,https://www.youtube.com/channel/UCcV-FFQ0afjYZ69EUjRhuUw
"T√°t √°o l√†ng b√£i ·ªïi nƒÉm 2021 ph·∫ßn 2 t·∫≠p cu·ªëi - C√°c chi·∫øn l·ª£i ph·∫©m thu ƒë∆∞·ª£c t·ª´ ao l√†ng "" M√≥m """,https://www.youtube.com/watch?v=ltzBN8OV2eU,2021-04-09T04:47:34.529Z,V√¢n Nguy·ªÖn,https://www.youtube.com/channel/UCiTk856EMPUJ1NJmA2Bb8gw
LT.. l√† b·∫£n sao NPH.k√≠ch ƒë·ªông h·∫≠n th√π. ch·ªëng c·ªông ƒë·∫•u m·∫∑t,https://www.youtube.com/watch?v=o8sz1eebOps,2021-04-09T04:47:34.530Z,ng∆∞·ªùi b·∫£o v·ªá,https://www.youtube.com/channel/UCPZoPQt_tl5unChrQGdpweQ
Nh·∫°c Kh√¥ng L·ªùi Rumba L√≠nh X∆∞a 1975 Ti·ªÅn Chi·∫øn | H√≤a T·∫•u Guitar Kh√¥ng L·ªùi | Nh·∫°c V√†ng H·∫£i Ngo·∫°i 2021,https://www.youtube.com/watch?v=MshggG2nXNI,2021-04-09T04:47:34.530Z,Ghi·ªÅn Nh·∫°c S·ªëng,https://www.youtube.com/channel/UCMrbyICJkTgxpy29HDSVjmQ
Ti·∫øng H√°t H·∫≠u Ph∆∞∆°ng k·ª≥ 146 v·ªõi Tr/Sƒ© Tr∆∞∆°ng VƒÉn Th∆∞·ªùng - TQLC v√† Phu Nh√¢n - T∆∞·ªüng Ni·ªám 30/4/1975,https://www.youtube.com/watch?v=NuOzpEbIn_o,2021-04-09T04:47:34.530Z,TH·ªúI CHI·∫æN CHINH 3,https://www.youtube.com/channel/UCySiUNKjUru5WcK63f2rjnA
B·∫£n tin cu·ªëi ng√†y 8/4: Nga s·∫µn s√†ng chi·∫øn ƒë·∫•u; Hoa h·∫≠u Myanmar b·ªã truy n√£; ƒê·∫°i s·ª© Myanmar b·ªã c·∫•m c·ª≠a,https://www.youtube.com/watch?v=3g9OuhR95Zg,2021-04-09T04:47:34.530Z,KHUNG TR·ªúI M·ªöI,https://www.youtube.com/channel/UCtInSM7s0fXjZiFRL8AEtgQ
B√° ƒê·∫°o Tam Qu·ªëc - Hi·ªán TH·∫¨N 8 C·ª¶ R∆Ø·ªöC T∆Ø·ªöNG M·∫†CH HO·∫†CH L·∫§Y TH√äM CON Z·ª¢ TI·ªÇU KI·ªÄU,https://www.youtube.com/watch?v=1sLDNlhh3CA,2021-04-09T04:47:34.530Z,Ho√†ng Nguy·ªÖn,https://www.youtube.com/channel/UCRUEle5muPg8Ses5EIQWcww
"üî¥TQ C·ª¨ 2 T√ÄU ƒê√ÅNH C√Å,2 T√ÄU KHU TR·ª§C KHI√äU CHI·∫æN L·∫§Y C·ªö ƒê√ÅNH VN.T∆Ø·ªöNG KH√ÅNH RA M·∫∂T X·ª¨ L√ù ƒê·∫¶YTH√ÅN PH·ª§C",https://www.youtube.com/watch?v=xV81DegU8KY,2021-04-09T04:47:34.530Z,Ng∆∞·ªùi Vi·ªát Nam,https://www.youtube.com/channel/UC9weEI8eWI3FJJ1e7ENCrcg
D√¢n m·∫°ng x√∫c ƒë·ªông v·ªõi b√†i th∆° kh√°n gi·∫£ g·ª≠i t·∫∑ng M≈©i tr∆∞·ªüng Long v√† H·∫≠u Ho√†ng,https://www.youtube.com/watch?v=YqrcxdJqvNE,2021-04-09T04:47:34.530Z,B√ÅO SAO VI·ªÜT,https://www.youtube.com/channel/UCn9o3WA2DFwb4ML8PGxKykQ
ƒê·∫•u La ƒê·∫°i L·ª•c P4 - Chung C·ª±c ƒê·∫•u La T·∫≠p 50 - H·∫°m Tr∆∞·ªüng Lam Hi√™n V≈© - ƒê·∫∑ng B√°c Bi Th·∫£m - H2X Audio,https://www.youtube.com/watch?v=fXo0iwyzVv0,2021-04-09T04:47:34.530Z,H2X Audio,https://www.youtube.com/channel/UChDmr9_HQEbHRvgbgU4-pWQ
Vi·ªát Ki·ªÅu L·ª¢I Minh ba que h√£y xem nha y t·∫ø VN kh√¥ng thua g√¨ N∆∞·ªõc Ngo√†i b·ªüi t√¥i ƒëang tr·ª±c ti·∫øp kh√°m,https://www.youtube.com/watch?v=ejCk7HaZ3_4,2021-04-09T04:47:34.530Z,Hiep jimmy - Kh√°m ph√° cu·ªôc s·ªëng,https://www.youtube.com/user/MrChendx
R·∫•t N√≥ng C·∫ßn H√≥ng|G.√°i M.·∫°i D.√¢m ƒê√≤i Ng·ª´a Covid ∆Øu Ti√™n|Biden Nh·ªï Ra V·∫£ V√†o,https://www.youtube.com/watch?v=e4p_FjlAcLs,2021-04-09T04:47:34.530Z,Vu Quang VNTV,https://www.youtube.com/user/huynvtamviet
TIN M·ªöI 09/4/2021 HOAN H√î N·ªÆ T∆Ø·ªöNG G·ªêC VI·ªÜT S√ÅNH VAI V·ªöI THI·∫æU T∆Ø·ªöNG L∆Ø∆†NG XU√ÇN VI·ªÜT ƒê∆Ø·ª¢C VINH DANH,https://www.youtube.com/watch?v=o-px0GH3W7I,2021-04-09T04:47:34.530Z,TIN M·ªöI HOA K·ª≤.,https://www.youtube.com/channel/UCzalNicjcfOTv0Q2GyxQhVw
TI·ªÇU S·ª¨ PH√ì TH·ª¶ T∆Ø·ªöNG L√ä MINH KH√ÅI,https://www.youtube.com/watch?v=kkkGAII2qVw,2021-04-09T04:47:34.530Z,KI·∫æN TH·ª®C & GI·∫¢I TR√ç,https://www.youtube.com/channel/UCm3QliIg2DWHR5J-GJ8IG5w
Xu·∫•t Hi·ªán Gi·ªçng Ca Nam ƒê·ªòC L·∫† - Nh·∫°c L√≠nh X∆∞a 1975 ƒêi V√†o L√≤ng Ng∆∞·ªùi | NH·∫†C L√çNH H·∫¢I NGO·∫†I VINH TU·∫§N,https://www.youtube.com/watch?v=RftvqmoBURw,2021-04-09T04:47:34.531Z,SKYPRO MUSIC,https://www.youtube.com/channel/UCk5Sid_ztAMtg-II8y1Lf_A
D√πng th·ªß thu·∫≠t ƒë√°nh long h·ªï v·∫´n ƒÉn ti·ªÅn n√™n xem,https://www.youtube.com/watch?v=5YBjf9bFFpo,2021-04-09T04:47:34.531Z,Hack Game 2020,https://www.youtube.com/channel/UCKtTyyaPqNICNatqvU4jQMQ
üî¥TIN C·ª∞C N√ìNG: QU√ÇN KHU 4 V√Ä S∆Ø ƒêO√ÄN ƒê·∫∂C NHI·ªÜM VI·ªÜT NAM ƒê·∫¨P TAN √ÇM M∆ØU TQ ·ªû BI√äN GI·ªöI L√ÄO,https://www.youtube.com/watch?v=si2ndsvf6FI,2021-04-09T04:47:34.531Z,VI·ªÜT NEWS TV,https://www.youtube.com/channel/UC5BktV4f2IujYpB9pxsbOnQ
VQ ƒê∆∞·ª£c S√°ng M·∫Øt R·ªìi|G·ª≠i G√≥c L Xe V√† ƒê·∫≠p Tan Lu·∫≠n ƒêi·ªáu /// Xuy√™n T·∫°c ƒê√≤i C√†o B·∫±ng X√©t L·∫°i L·ªãch S·ª≠,https://www.youtube.com/watch?v=qKCkMjy5IcE,2021-04-09T04:47:34.531Z,Vu Quang VNTV,https://www.youtube.com/user/huynvtamviet
Giang T·ª≠ Nh·∫°c L√≠nh X∆∞a Ch·ªçn L·ªçc ƒêi V√†o L√≤ng Ng∆∞·ªùi | Chuy·ªán M·ªôt Ng∆∞·ªùi ƒêi Nghe Bu·ªìn Da Di·∫øt,https://www.youtube.com/watch?v=LxT00l-58n4,2021-04-09T04:47:34.531Z,Giang T·ª≠,https://www.youtube.com/channel/UCwC4IxaH42eV-W2btvxZD9g
"H∆∞·ªõng D∆∞∆°ng Ng∆∞·ª£c N·∫Øng T·∫≠p 52 | L·ªô Di·ªán: An l√† tay sai cho Ho√†ng, Nh·∫±m ph√° Ho·∫°i Cao D∆∞·ª£c",https://www.youtube.com/watch?v=ktCzKksd3ZA,2021-04-09T04:47:34.531Z,Anh M·ªçt - Review,https://www.youtube.com/channel/UCjOdETOUrmv3agHWYBkUMdA
Nga L√™n Ti·∫øng Ph·∫£n ƒê·ªëi K·ªãch Li·ªát √Çm M∆∞u ƒê·∫ø Qu·ªëc Mu·ªën G√¢y Ra N·ªôi Chi·∫øn Myanmar,https://www.youtube.com/watch?v=XqR8g049z-M,2021-04-09T04:47:34.531Z,Vu Quang VNTV,https://www.youtube.com/user/huynvtamviet
T√™n ƒë∆∞·ªùng S√†i G√≤n tr∆∞·ªõc 1975 - B·∫øn L√≤ G·ªëm,https://www.youtube.com/watch?v=PhcaTlk2csU,2021-04-09T04:47:34.531Z,ƒê∆Ø·ªúNG PH·ªê S√ÄI G√íN,https://www.youtube.com/channel/UCMi3qKJRIBUvfjR7t4axeUg
"H√© L·ªô T∆∞·ªõng,Trang Ph·ª•c S·∫Øp Ra M·∫Øt Trong Th·ªùi Gian T·ªõi | Mew T·ªëc Chi·∫øn",https://www.youtube.com/watch?v=kj1aDZ63Wc8,2021-04-09T04:47:34.531Z,Mew Gaming,https://www.youtube.com/channel/UCwpLF7ZIuguYvM-Xv2kntIw
"2021-04-08, TDYK 354 N·ªói ƒëau D√¢n T·ªôc Vi·ªát Nam sau Th√°ng T∆∞ ƒêen.",https://www.youtube.com/watch?v=SGXP4JBtVBo,2021-04-09T04:47:34.531Z,NoThanTV,https://www.youtube.com/channel/UCRmMtrSPykV3UIMmYr6kDlA
SI√äU PH·∫®M NH·∫†C L√çNH X∆ØA CH·ªåN L·ªåC HAY - NH·∫†C L√çNH X∆ØA CH·ª®A N·ªñI NI·ªÄM NG∆Ø·ªúI L√çNH,https://www.youtube.com/watch?v=ahsi670SexA,2021-04-09T04:47:34.531Z,Kho Nh·∫°c Rumba,https://www.youtube.com/channel/UCtE7h46NKRumqJxCkcydRdQ
Th·∫ø n√†y m·ªõi l√† th√°ng t∆∞ ƒëen,https://www.youtube.com/watch?v=znhqyv0Af3A,2021-04-09T04:47:34.531Z,NG∆Ø·ªúI Bi√™n ·∫¢i,https://www.youtube.com/channel/UCROkmLeh5bW8FIL704bTf3w
C·ª∞C N√ìNG 9-4-2021! C·∫¢ TH·∫æ GI·ªöI ƒê·ª®NG V·ªÄ PH√çA VI·ªÜT NAM KHI TRUNG QU·ªêC VI PH·∫†M CH·ª¶ QUY·ªÄN | TIN M·ªöI,https://www.youtube.com/watch?v=2Gvd-mu1wQA,2021-04-09T04:47:34.532Z,TIN M·ªöI,https://www.youtube.com/channel/UCE_4BoJ2uP1VIUi6IXoIhDQ
Th·∫ßn Tho·∫°i ƒê·∫ø Ho√†ng - Ph·∫ßn 32 - Qu√¢n ƒëo√†n Th·∫ßn Ma,https://www.youtube.com/watch?v=eqQXiyznaXs,2021-04-09T04:47:34.532Z,Tu Ch√¢n Th·∫ßn K√Ω,https://www.youtube.com/channel/UCnSgcIsVqJRGMEpEz_G7TkQ
TS Thi·∫øu t√° Nguy·ªÖn Xu√¢n Th·ªßy: ƒê·ªÅ xu·∫•t k·∫øt  ú√¥…¥ ph·∫£i c√≥ ch·ª©ng ch·ªâ,https://www.youtube.com/watch?v=D-h7mFGPTzU,2021-04-09T04:47:34.532Z,Tr√† d∆∞ T·ª≠u h·∫≠u,https://www.youtube.com/channel/UCJitA95Smu0DXoGhFltkSUQ